{
	"Checkpoint11010000" : {
		"SoundEmitter" : {},
		"Sprite" : {
			"color" : {
				"a" : 1,
				"b" : 1,
				"g" : 1,
				"p" : 1,
				"q" : 1,
				"r" : 1,
				"s" : 1,
				"t" : 1,
				"w" : 1,
				"x" : 1,
				"y" : 1,
				"z" : 1
			},
			"framesX" : 1,
			"framesY" : 1,
			"mirrorX" : false,
			"shaderFile_" : "",
			"textureFileName_" : "Checkpoint_Temp.png"
		},
		"Transform" : {
			"rotation_" : 0,
			"scale_" : {
				"g" : 132.34368896484375,
				"r" : 103.48486328125,
				"s" : 103.48486328125,
				"t" : 132.34368896484375,
				"x" : 103.48486328125,
				"y" : 132.34368896484375
			},
			"translation_" : {
				"b" : 3.0099999904632568,
				"g" : 78.3935546875,
				"p" : 3.0099999904632568,
				"r" : 1032.74853515625,
				"s" : 1032.74853515625,
				"t" : 78.3935546875,
				"x" : 1032.74853515625,
				"y" : 78.3935546875,
				"z" : 3.0099999904632568
			}
		},
		"mName" : "Checkpoint"
	},
	"Square11001100" : {
		"Sprite" : {
			"color" : {
				"a" : 1,
				"b" : 1,
				"g" : 1,
				"p" : 1,
				"q" : 1,
				"r" : 1,
				"s" : 1,
				"t" : 1,
				"w" : 1,
				"x" : 1,
				"y" : 1,
				"z" : 1
			},
			"framesX" : 1,
			"framesY" : 1,
			"mirrorX" : false,
			"shaderFile_" : "",
			"textureFileName_" : "defaultsquare.png"
		},
		"Transform" : {
			"rotation_" : 0,
			"scale_" : {
				"g" : 40,
				"r" : 40,
				"s" : 40,
				"t" : 40,
				"x" : 40,
				"y" : 40
			},
			"translation_" : {
				"b" : 1,
				"g" : 0,
				"p" : 1,
				"r" : 0,
				"s" : 0,
				"t" : 0,
				"x" : 0,
				"y" : 0,
				"z" : 1
			}
		},
		"mName" : "Square"
	}
}