{
	"Paused1001011" : {
		"Lua Components" : {},
		"SpriteText" : {
			"Color" : {
				"a" : 1,
				"b" : 1,
				"g" : 1,
				"p" : 1,
				"q" : 1,
				"r" : 1,
				"s" : 1,
				"t" : 1,
				"w" : 1,
				"x" : 1,
				"y" : 1,
				"z" : 1
			},
			"Text" : "Paused",
			"fontFace_" : "CALISTB.TTF"
		},
		"Transform" : {
			"rotation_" : 0,
			"scale_" : {
				"g" : 275,
				"r" : 400,
				"s" : 400,
				"t" : 275,
				"x" : 400,
				"y" : 275
			},
			"translation_" : {
				"b" : 99,
				"g" : 399.175537109375,
				"p" : 99,
				"r" : -111.37692260742188,
				"s" : -111.37692260742188,
				"t" : 399.175537109375,
				"x" : -111.37692260742188,
				"y" : 399.175537109375,
				"z" : 99
			}
		},
		"mName" : "Paused"
	},
	"Square1001100" : {
		"Sprite" : {
			"color" : {
				"a" : 1,
				"b" : 1,
				"g" : 1,
				"p" : 1,
				"q" : 1,
				"r" : 1,
				"s" : 1,
				"t" : 1,
				"w" : 1,
				"x" : 1,
				"y" : 1,
				"z" : 1
			},
			"framesX" : 1,
			"framesY" : 1,
			"mirrorX" : false,
			"shaderFile_" : "UI_minimal",
			"textureFileName_" : "Button_Down.png"
		},
		"Transform" : {
			"rotation_" : 0,
			"scale_" : {
				"g" : 147.72018432617188,
				"r" : 631.1439208984375,
				"s" : 631.1439208984375,
				"t" : 147.72018432617188,
				"x" : 631.1439208984375,
				"y" : 147.72018432617188
			},
			"translation_" : {
				"b" : 99,
				"g" : 89.435104370117188,
				"p" : 99,
				"r" : -132.54931640625,
				"s" : -132.54931640625,
				"t" : 89.435104370117188,
				"x" : -132.54931640625,
				"y" : 89.435104370117188,
				"z" : 99
			}
		},
		"mName" : "Square"
	},
	"Square1001101" : {
		"Sprite" : {
			"color" : {
				"a" : 1,
				"b" : 1,
				"g" : 1,
				"p" : 1,
				"q" : 1,
				"r" : 1,
				"s" : 1,
				"t" : 1,
				"w" : 1,
				"x" : 1,
				"y" : 1,
				"z" : 1
			},
			"framesX" : 1,
			"framesY" : 1,
			"mirrorX" : false,
			"shaderFile_" : "",
			"textureFileName_" : "Button_Down.png"
		},
		"Transform" : {
			"rotation_" : 0,
			"scale_" : {
				"g" : 157.40359497070313,
				"r" : 531.6087646484375,
				"s" : 531.6087646484375,
				"t" : 157.40359497070313,
				"x" : 531.6087646484375,
				"y" : 157.40359497070313
			},
			"translation_" : {
				"b" : 99,
				"g" : -129.49400329589844,
				"p" : 99,
				"r" : -132.54899597167969,
				"s" : -132.54899597167969,
				"t" : -129.49400329589844,
				"x" : -132.54899597167969,
				"y" : -129.49400329589844,
				"z" : 99
			}
		},
		"mName" : "Square"
	},
	"Square1001110" : {
		"Sprite" : {
			"color" : {
				"a" : 1,
				"b" : 1,
				"g" : 1,
				"p" : 1,
				"q" : 1,
				"r" : 1,
				"s" : 1,
				"t" : 1,
				"w" : 1,
				"x" : 1,
				"y" : 1,
				"z" : 1
			},
			"framesX" : 1,
			"framesY" : 1,
			"mirrorX" : false,
			"shaderFile_" : "",
			"textureFileName_" : "Button_Down.png"
		},
		"Transform" : {
			"rotation_" : 0,
			"scale_" : {
				"g" : 144.3829345703125,
				"r" : 493.1519775390625,
				"s" : 493.1519775390625,
				"t" : 144.3829345703125,
				"x" : 493.1519775390625,
				"y" : 144.3829345703125
			},
			"translation_" : {
				"b" : 99,
				"g" : -356.3389892578125,
				"p" : 99,
				"r" : -132.54899597167969,
				"s" : -132.54899597167969,
				"t" : -356.3389892578125,
				"x" : -132.54899597167969,
				"y" : -356.3389892578125,
				"z" : 99
			}
		},
		"mName" : "Square"
	},
	"Square1001111" : {
		"Sprite" : {
			"color" : {
				"a" : 1,
				"b" : 1,
				"g" : 1,
				"p" : 1,
				"q" : 1,
				"r" : 1,
				"s" : 1,
				"t" : 1,
				"w" : 1,
				"x" : 1,
				"y" : 1,
				"z" : 1
			},
			"framesX" : 1,
			"framesY" : 1,
			"mirrorX" : false,
			"shaderFile_" : "",
			"textureFileName_" : "Button_Down.png"
		},
		"Transform" : {
			"rotation_" : 0,
			"scale_" : {
				"g" : 150,
				"r" : 400,
				"s" : 400,
				"t" : 150,
				"x" : 400,
				"y" : 150
			},
			"translation_" : {
				"b" : 99,
				"g" : 89.373649597167969,
				"p" : 99,
				"r" : 2855.9541015625,
				"s" : 2855.9541015625,
				"t" : 89.373649597167969,
				"x" : 2855.9541015625,
				"y" : 89.373649597167969,
				"z" : 99
			}
		},
		"mName" : "Square"
	},
	"Square1010000" : {
		"Sprite" : {
			"color" : {
				"a" : 1,
				"b" : 1,
				"g" : 1,
				"p" : 1,
				"q" : 1,
				"r" : 1,
				"s" : 1,
				"t" : 1,
				"w" : 1,
				"x" : 1,
				"y" : 1,
				"z" : 1
			},
			"framesX" : 1,
			"framesY" : 1,
			"mirrorX" : false,
			"shaderFile_" : "",
			"textureFileName_" : "Button_Down.png"
		},
		"Transform" : {
			"rotation_" : 0,
			"scale_" : {
				"g" : 150,
				"r" : 400,
				"s" : 400,
				"t" : 150,
				"x" : 400,
				"y" : 150
			},
			"translation_" : {
				"b" : 99,
				"g" : -157.3905029296875,
				"p" : 99,
				"r" : 2849.8984375,
				"s" : 2849.8984375,
				"t" : -157.3905029296875,
				"x" : 2849.8984375,
				"y" : -157.3905029296875,
				"z" : 99
			}
		},
		"mName" : "Square"
	},
	"Square1010001" : {
		"Sprite" : {
			"color" : {
				"a" : 1,
				"b" : 1,
				"g" : 1,
				"p" : 1,
				"q" : 1,
				"r" : 1,
				"s" : 1,
				"t" : 1,
				"w" : 1,
				"x" : 1,
				"y" : 1,
				"z" : 1
			},
			"framesX" : 1,
			"framesY" : 1,
			"mirrorX" : false,
			"shaderFile_" : "",
			"textureFileName_" : "Button_Down.png"
		},
		"Transform" : {
			"rotation_" : 0,
			"scale_" : {
				"g" : 150,
				"r" : 400,
				"s" : 400,
				"t" : 150,
				"x" : 400,
				"y" : 150
			},
			"translation_" : {
				"b" : 99,
				"g" : 89.373649597167969,
				"p" : 99,
				"r" : -3073.5302734375,
				"s" : -3073.5302734375,
				"t" : 89.373649597167969,
				"x" : -3073.5302734375,
				"y" : 89.373649597167969,
				"z" : 99
			}
		},
		"mName" : "Square"
	},
	"Square1010010" : {
		"Sprite" : {
			"color" : {
				"a" : 1,
				"b" : 1,
				"g" : 1,
				"p" : 1,
				"q" : 1,
				"r" : 1,
				"s" : 1,
				"t" : 1,
				"w" : 1,
				"x" : 1,
				"y" : 1,
				"z" : 1
			},
			"framesX" : 1,
			"framesY" : 1,
			"mirrorX" : false,
			"shaderFile_" : "",
			"textureFileName_" : "Button_Down.png"
		},
		"Transform" : {
			"rotation_" : 0,
			"scale_" : {
				"g" : 150,
				"r" : 400,
				"s" : 400,
				"t" : 150,
				"x" : 400,
				"y" : 150
			},
			"translation_" : {
				"b" : 99,
				"g" : -154.62696838378906,
				"p" : 99,
				"r" : -3072.44189453125,
				"s" : -3072.44189453125,
				"t" : -154.62696838378906,
				"x" : -3072.44189453125,
				"y" : -154.62696838378906,
				"z" : 99
			}
		},
		"mName" : "Square"
	},
	"Text1010011" : {
		"SpriteText" : {
			"Color" : {
				"a" : 1,
				"b" : 1,
				"g" : 1,
				"p" : 1,
				"q" : 1,
				"r" : 1,
				"s" : 1,
				"t" : 1,
				"w" : 1,
				"x" : 1,
				"y" : 1,
				"z" : 1
			},
			"Text" : "Are You Sure?",
			"fontFace_" : "CALISTB.TTF"
		},
		"Transform" : {
			"rotation_" : 0,
			"scale_" : {
				"g" : 300,
				"r" : 300,
				"s" : 300,
				"t" : 300,
				"x" : 300,
				"y" : 300
			},
			"translation_" : {
				"b" : 99,
				"g" : 373.48507690429688,
				"p" : 99,
				"r" : -3046.098388671875,
				"s" : -3046.098388671875,
				"t" : 373.48507690429688,
				"x" : -3046.098388671875,
				"y" : 373.48507690429688,
				"z" : 99
			}
		},
		"mName" : "Text"
	},
	"Text1010100" : {
		"SpriteText" : {
			"Color" : {
				"a" : 1,
				"b" : 1,
				"g" : 1,
				"p" : 1,
				"q" : 1,
				"r" : 1,
				"s" : 1,
				"t" : 1,
				"w" : 1,
				"x" : 1,
				"y" : 1,
				"z" : 1
			},
			"Text" : "Are You Sure?",
			"fontFace_" : "CALISTB.TTF"
		},
		"Transform" : {
			"rotation_" : 0,
			"scale_" : {
				"g" : 300,
				"r" : 300,
				"s" : 300,
				"t" : 300,
				"x" : 300,
				"y" : 300
			},
			"translation_" : {
				"b" : 99,
				"g" : 373.48507690429688,
				"p" : 99,
				"r" : 2831.826416015625,
				"s" : 2831.826416015625,
				"t" : 373.48507690429688,
				"x" : 2831.826416015625,
				"y" : 373.48507690429688,
				"z" : 99
			}
		},
		"mName" : "Text"
	},
	"Text1010101" : {
		"SpriteText" : {
			"Color" : {
				"a" : 1,
				"b" : 1,
				"g" : 1,
				"p" : 1,
				"q" : 1,
				"r" : 1,
				"s" : 1,
				"t" : 1,
				"w" : 1,
				"x" : 1,
				"y" : 1,
				"z" : 1
			},
			"Text" : "Yes",