{
	"Square101010100" : {
		"Lua Components" : {},
		"Sprite" : {
			"color" : {
				"a" : 1,
				"b" : 1,
				"g" : 1,
				"p" : 1,
				"q" : 1,
				"r" : 1,
				"s" : 1,
				"t" : 1,
				"w" : 1,
				"x" : 1,
				"y" : 1,
				"z" : 1
			},
			"framesX" : 1,
			"framesY" : 1,
			"mirrorX" : false,
			"shaderFile_" : "",
			"textureFileName_" : "defaultsquare.png"
		},
		"Transform" : {
			"rotation_" : 0,
			"scale_" : {
				"g" : 40,
				"r" : 40,
				"s" : 40,
				"t" : 40,
				"x" : 40,
				"y" : 40
			},
			"translation_" : {
				"b" : 10,
				"g" : -19.496767044067383,
				"p" : 10,
				"r" : 577.67218017578125,
				"s" : 577.67218017578125,
				"t" : -19.496767044067383,
				"x" : 577.67218017578125,
				"y" : -19.496767044067383,
				"z" : 10
			}
		},
		"mName" : "Square"
	},
	"mName" : "LoseScreen"
}