{
	"Square1001011" : {
		"Lua Components" : {},
		"Sprite" : {
			"color" : {
				"a" : 1,
				"b" : 1,
				"g" : 1,
				"p" : 1,
				"q" : 1,
				"r" : 1,
				"s" : 1,
				"t" : 1,
				"w" : 1,
				"x" : 1,
				"y" : 1,
				"z" : 1
			},
			"framesX" : 1,
			"framesY" : 1,
			"mirrorX" : false,
			"shaderFile_" : "UI_minimal",
			"textureFileName_" : "Button_Down.png"
		},
		"Transform" : {
			"rotation_" : 0,
			"scale_" : {
				"g" : 150,
				"r" : 400,
				"s" : 400,
				"t" : 150,
				"x" : 400,
				"y" : 150
			},
			"translation_" : {
				"b" : 99,
				"g" : 89.373649597167969,
				"p" : 99,
				"r" : -115.99359130859375,
				"s" : -115.99359130859375,
				"t" : 89.373649597167969,
				"x" : -115.99359130859375,
				"y" : 89.373649597167969,
				"z" : 99
			}
		},
		"mName" : "Square"
	},
	"Square1001110" : {
		"Lua Components" : {},
		"Sprite" : {
			"color" : {
				"a" : 1,
				"b" : 1,
				"g" : 1,
				"p" : 1,
				"q" : 1,
				"r" : 1,
				"s" : 1,
				"t" : 1,
				"w" : 1,
				"x" : 1,
				"y" : 1,
				"z" : 1
			},
			"framesX" : 1,
			"framesY" : 1,
			"mirrorX" : false,
			"shaderFile_" : "",
			"textureFileName_" : "Button_Down.png"
		},
		"Transform" : {
			"rotation_" : 0,
			"scale_" : {
				"g" : 150,
				"r" : 400,
				"s" : 400,
				"t" : 150,
				"x" : 400,
				"y" : 150
			},
			"translation_" : {
				"b" : 99,
				"g" : -133.19563293457031,
				"p" : 99,
				"r" : -122.04879760742188,
				"s" : -122.04879760742188,
				"t" : -133.19563293457031,
				"x" : -122.04879760742188,
				"y" : -133.19563293457031,
				"z" : 99
			}
		},
		"mName" : "Square"
	},
	"Square1010000" : {
		"Lua Components" : {},
		"Sprite" : {
			"color" : {
				"a" : 1,
				"b" : 1,
				"g" : 1,
				"p" : 1,
				"q" : 1,
				"r" : 1,
				"s" : 1,
				"t" : 1,
				"w" : 1,
				"x" : 1,
				"y" : 1,
				"z" : 1
			},
			"framesX" : 1,
			"framesY" : 1,
			"mirrorX" : false,
			"shaderFile_" : "",
			"textureFileName_" : "Button_Down.png"
		},
		"Transform" : {
			"rotation_" : 0,
			"scale_" : {
				"g" : 150,
				"r" : 400,
				"s" : 400,
				"t" : 150,
				"x" : 400,
				"y" : 150
			},
			"translation_" : {
				"b" : 99,
				"g" : -353.530029296875,
				"p" : 99,
				"r" : -122.04879760742188,
				"s" : -122.04879760742188,
				"t" : -353.530029296875,
				"x" : -122.04879760742188,
				"y" : -353.530029296875,
				"z" : 99
			}
		},
		"mName" : "Square"
	},
	"Square1010100" : {
		"Lua Components" : {},
		"Sprite" : {
			"color" : {
				"a" : 1,
				"b" : 1,
				"g" : 1,
				"p" : 1,
				"q" : 1,
				"r" : 1,
				"s" : 1,
				"t" : 1,
				"w" : 1,
				"x" : 1,
				"y" : 1,
				"z" : 1
			},
			"framesX" : 1,
			"framesY" : 1,
			"mirrorX" : false,
			"shaderFile_" : "",
			"textureFileName_" : "Button_Down.png"
		},
		"Transform" : {
			"rotation_" : 0,
			"scale_" : {
				"g" : 150,
				"r" : 400,
				"s" : 400,
				"t" : 150,
				"x" : 400,
				"y" : 150
			},
			"translation_" : {
				"b" : 99,
				"g" : 89.373649597167969,
				"p" : 99,
				"r" : 2855.9541015625,
				"s" : 2855.9541015625,
				"t" : 89.373649597167969,
				"x" : 2855.9541015625,
				"y" : 89.373649597167969,
				"z" : 99
			}
		},
		"mName" : "Square"
	},
	"Square1010110" : {
		"Lua Components" : {},
		"Sprite" : {
			"color" : {
				"a" : 1,
				"b" : 1,
				"g" : 1,
				"p" : 1,
				"q" : 1,
				"r" : 1,
				"s" : 1,
				"t" : 1,
				"w" : 1,
				"x" : 1,
				"y" : 1,
				"z" : 1
			},
			"framesX" : 1,
			"framesY" : 1,
			"mirrorX" : false,
			"shaderFile_" : "",
			"textureFileName_" : "Button_Down.png"
		},
		"Transform" : {
			"rotation_" : 0,
			"scale_" : {
				"g" : 150,
				"r" : 400,
				"s" : 400,
				"t" : 150,
				"x" : 400,
				"y" : 150
			},
			"translation_" : {
				"b" : 99,
				"g" : -157.3905029296875,
				"p" : 99,
				"r" : 2849.8984375,
				"s" : 2849.8984375,
				"t" : -157.3905029296875,
				"x" : 2849.8984375,
				"y" : -157.3905029296875,
				"z" : 99
			}
		},
		"mName" : "Square"
	},
	"Square1011010" : {
		"Lua Components" : {},
		"Sprite" : {
			"color" : {
				"a" : 1,
				"b" : 1,
				"g" : 1,
				"p" : 1,
				"q" : 1,
				"r" : 1,
				"s" : 1,
				"t" : 1,
				"w" : 1,
				"x" : 1,
				"y" : 1,
				"z" : 1
			},
			"framesX" : 1,
			"framesY" : 1,
			"mirrorX" : false,
			"shaderFile_" : "",
			"textureFileName_" : "Button_Down.png"
		},
		"Transform" : {
			"rotation_" : 0,
			"scale_" : {
				"g" : 150,
				"r" : 400,
				"s" : 400,
				"t" : 150,
				"x" : 400,
				"y" : 150
			},
			"translation_" : {
				"b" : 99,
				"g" : 89.373649597167969,
				"p" : 99,
				"r" : -3073.5302734375,
				"s" : -3073.5302734375,
				"t" : 89.373649597167969,
				"x" : -3073.5302734375,
				"y" : 89.373649597167969,
				"z" : 99
			}
		},
		"mName" : "Square"
	},
	"Square1011100" : {
		"Lua Components" : {},
		"Sprite" : {
			"color" : {
				"a" : 1,
				"b" : 1,
				"g" : 1,
				"p" : 1,
				"q" : 1,
				"r" : 1,
				"s" : 1,
				"t" : 1,
				"w" : 1,
				"x" : 1,
				"y" : 1,
				"z" : 1
			},
			"framesX" : 1,
			"framesY" : 1,
			"mirrorX" : false,
			"shaderFile_" : "",
			"textureFileName_" : "Button_Down.png"
		},
		"Transform" : {
			"rotation_" : 0,
			"scale_" : {
				"g" : 150,
				"r" : 400,
				"s" : 400,
				"t" : 150,
				"x" : 400,
				"y" : 150
			},
			"translation_" : {
				"b" : 99,
				"g" : -154.62696838378906,
				"p" : 99,
				"r" : -3072.44189453125,
				"s" : -3072.44189453125,
				"t" : -154.62696838378906,
				"x" : -3072.44189453125,
				"y" : -154.62696838378906,
				"z" : 99
			}
		},
		"mName" : "Square"
	},
	"Text1001100" : {
		"Lua Components" : {},
		"SpriteText" : {
			"Color" : {
				"a" : 1,
				"b" : 1,
				"g" : 1,
				"p" : 1,
				"q" : 1,
				"r" : 1,
				"s" : 1,
				"t" : 1,
				"w" : 1,
				"x" : 1,
				"y" : 1,
				"z" : 1
			},
			"Text" : "DEFAULT TEXT",
			"fontFace_" : "CALISTB.TTF"
		},
		"Transform" : {
			"rotation_" : 0,
			"scale_" : {
				"g" : 150,
				"r" : 400,
				"s" : 400,
				"t" : 150,
				"x" : 400,
				"y" : 150
			},
			"translation_" : {
				"b" : 99,
				"g" : 373.48507690429688,
				"p" : 99,
				"r" : -68.559417724609375,
				"s" : -68.559417724609375,
				"t" : 373.48507690429688,
				"x" : -68.559417724609375,
				"y" : 373.48507690429688,
				"z" : 99
			}
		},
		"mName" : "Text"
	},
	"Text1011000" : {
		"Lua Components" : {},
		"SpriteText" : {
			"Color" : {
				"a" : 1,
				"b" : 1,
				"g" : 1,
				"p" : 1,
				"q" : 1,
				"r" : 1,
				"s" : 1,
				"t" : 1,
				"w" : 1,
				"x" : 1,
				"y" : 1,
				"z" : 1
			},
			"Text" : "Are You Sure?",
			"fontFace_" : ""
		},
		"Transform" : {
			"rotation_" : 0,
			"scale_" : {
				"g" : 300,
				"r" : 300,
				"s" : 300,
				"t" : 300,
				"x" : 300,
				"y" : 300
			},
			"translation_" : {
				"b" : 99,
				"g" : 373.48507690429688,
				"p" : 99,
				"r" : -3046.098388671875,
				"s" : -3046.098388671875,
				"t" : 373.48507690429688,
				"x" : -3046.098388671875,
				"y" : 373.48507690429688,
				"z" : 99
			}
		},
		"mName" : "Text"
	},
	"Text1011111" : {
		"Lua Components" : {},
		"SpriteText" : {
			"Color" : {
				"a" : 1,
				"b" : 1,
				"g" : 1,
				"p" : 1,
				"q" : 1,
				"r" : 1,
				"s" : 1,
				"t" : 1,
				"w" : 1,
				"x" : 1,
				"y" : 1,
				"z" : 1
			},
			"Text" : "Are You Sure?",
			"fontFace_" : ""
		},
		"Transform" : {
			"rotation_" : 0,
			"scale_" : {
				"g" : 300,
				"r" : 300,
				"s" : 300,
				"t" : 300,
				"x" : 300,
				"y" : 300
			},
			"translation_" : {
				"b" : 99,
				"g" : 373.48507690429688,
				"p" : 99,
				"r" : 2831.826416015625,
				"s" : 2831.826416015625,
				"t" : 373.48507690429688,
				"x" : 2831.826416015625,
				"y" : 373.48507690429688,
				"z" : 99
			}
		},
		"mName" : "Text"
	},
	"Text1100001" : {
		"Lua Components" : {},
		"SpriteText" : {
			"Color" : {
				"a" : 1,
				"b" : 1,
				"g" : 1,
				"p" : 1,
				"q" : 1,
				"r" : 1,
				"s" : 1,
				"t" : 1,
				"w" : 1,
				"x" : 1,
				"y" : 1,
				"z" : 1
			},
			"Text" : "Yes",
			"fontFace_" : ""
		},